ph_rate,turbidity_score,color_r,color_g,color_b,health_status
5.812459375310085,14.658111522023917,249.05239644065068,219.57570149626355,33.55044438883213,normal
6.321098006974621,6.0794539909980685,248.81378806664102,229.88313068516115,38.37119235305444,normal
5.785680341029015,59.08393498587427,250.4464471055416,218.16734650946825,145.58882530555496,anomaly
5.601162718270569,17.952315739794827,246.51604978509914,226.552978994109,17.05977902985566,normal
8.575750739221116,12.844106890190073,240.50514605811696,235.12134051377828,103.72760436780824,anomaly
5.845187597059943,39.287313915077966,244.0328027157329,236.7359016832623,65.02664585184299,healthy
6.869171390404747,66.59628609508908,245.57608942359496,224.90758163799188,120.33829323151596,normal
5.580349578174207,27.477842721228157,246.82757987600485,205.32039195629315,124.4364656108469,healthy
7.0583650655269885,60.09139332238684,246.05401503542387,224.77559877466007,106.66970430280209,normal
5.581746217898842,32.529820079500915,243.96952540388037,202.0460082248159,69.08913521724436,healthy
8.284360042856235,13.20495158060784,251.11356084228106,231.90929053392856,17.442178502548593,anomaly
8.210714131423643,50.635602199674295,246.06434620882303,200.7662194220501,156.12461096782923,consult_doctor
3.965219642824338,16.209231126203647,250.49459354433182,214.21757349456246,112.25044249647077,anomaly
5.4657099592700975,51.16398569619405,251.6703786471698,219.33177139865302,127.04231204255404,anomaly
6.338827651021733,25.568978847914558,252.88225156752233,238.5391978989731,114.82818524695993,healthy
4.904118442771253,48.28142777545975,242.79203846630023,209.2552254550739,131.83962430079652,anomaly
5.180731325984254,49.454918198416635,242.6887988360892,221.77379550537285,52.19528111694905,normal
6.857472566441434,6.66156530694559,249.33514896925868,204.13060035500195,125.30582894779155,normal
7.369380349040831,13.09848796635292,242.5103554835517,202.38469301378638,34.792469154757754,healthy
3.127105888174417,28.010493804261397,250.38110470536554,239.90997556040801,11.000625027597994,normal
6.425991074963173,16.522980273134444,253.77358630013157,237.5392863285662,54.81457324978109,healthy
7.793733455988465,41.99912852913075,252.82461029342213,208.3532374197836,28.66622692642414,normal
3.4156889035817035,24.17222320366671,241.51467160226642,223.8778089365269,73.33815670820898,normal
3.6054397669558993,50.70137031221177,247.4504313422692,222.10649071106994,37.1559505442149,consult_doctor
5.999322879524718,26.118059059993463,254.71676861801905,216.38691477170076,11.626494012985074,healthy
7.221532807151039,30.89445554880261,245.23230800954218,232.152195619339,149.24047024965012,healthy
2.542533249809066,20.966819094573292,245.9855297646365,219.1411347967809,133.4662573133506,normal
6.716361348397007,12.448304609109606,246.3784227815654,221.6118612716123,14.361520089625142,healthy
6.536648602029855,28.390467839936566,250.16297420825526,233.30447093304525,34.166856718454625,healthy
4.959379952074071,37.704001598545744,250.5170939162621,208.74855555626158,31.193323439780887,normal
5.5434425415725155,44.24331203161986,251.5668422377783,227.0975228491318,97.57004184769872,normal
4.747569985157627,35.27172311312374,242.20382885375656,208.55978714793255,138.8799347032144,normal
4.816689339099361,24.407502718623494,249.48423230456459,214.41898020566217,19.40847968088546,normal
2.933297036488172,29.465377765537745,246.88410774895232,236.01056444808282,77.70148774613446,normal
4.66343360656615,39.707939095541114,253.32988620398098,233.52921684327202,48.54168698066131,normal
9.028417276763406,4.971238891836158,249.71726168985793,219.70276283013192,103.29641232934586,consult_doctor
6.574687884372962,9.452955306313832,243.1377819811189,235.9354586633614,37.37077777097775,normal
7.313505636382768,39.678233789250854,241.00524806626814,218.86597963002382,148.43931729206517,healthy
6.571140616195306,20.979485340731795,245.48521122392057,236.17439099975428,114.99489812195237,healthy
5.234257432731832,52.36089205274928,252.82545302429904,229.25945438812462,75.04651960290462,anomaly
8.534544784612038,20.29594833441639,241.6649714818697,205.48593952610972,3.2220558318863723,normal
4.183495948064364,30.732901054885566,243.8985746886425,212.5551230606011,108.0938837707902,normal
5.384843004147501,28.75978971235951,248.98566880725573,230.61453455432164,80.37949119553528,healthy
6.294634209243617,30.319674730079132,243.03381270786804,222.1874809915347,41.221119802164665,healthy
8.166497343682638,30.422717360536925,241.52705524424306,226.47110929886554,100.42702034540939,normal
6.138331126350749,58.71047030800179,252.75522001679843,220.4232302983824,87.82554106241147,normal
4.475112231001337,34.61110046713651,250.55549669443576,202.02292415296915,0.15094644282097391,normal
5.801488974301199,23.578272585511314,254.46117624735163,210.52989386072045,109.20647660274513,healthy
5.037259595660219,35.7290317834733,240.06544904475464,218.33294378350303,128.3833648885812,healthy
6.022322357446625,2.456919403450552,245.96754938253235,218.36496093146724,87.52725529849243,normal
8.466841067112274,25.175474231739262,249.49067818122901,230.0106305575537,19.19247067695517,normal
3.187397697363564,41.314369947203616,240.93847263329178,203.5115294823264,74.76175936120042,anomaly
3.7585585997260127,50.10675669034717,251.3807298174588,236.09613104442698,91.33662980460186,consult_doctor
8.32323848655629,28.67455561191997,243.17453847854793,208.98629590567066,21.40450319903488,normal
6.078190232121073,48.00620861916638,247.70781696310152,226.46874730575826,99.71365969088112,healthy
9.388580913528191,37.297524657393026,254.1968476972561,207.27115468869448,21.162994415757073,normal
7.377080685057684,57.81138849501282,254.47523054181707,239.16606220402463,53.81174308325336,normal
7.161844764574809,18.183243721376417,242.69034015433863,227.01824181345702,42.687127909412936,healthy
6.449454511220314,13.908854613902903,240.28717301995255,236.28167841660087,109.95749495370927,healthy
5.898794564576229,35.90228078132624,254.21532038946705,220.22035041559457,141.7874070489589,healthy
4.782440833577452,24.760248058227038,251.87337303887054,215.66969802249113,54.8842740144039,normal
5.918545600700165,38.82867606630914,245.29437755178535,207.7374137182593,101.65173547333137,healthy
6.641582908269834,0.026989732018385837,245.40075698851467,206.17968816019703,118.71643672223775,normal
8.698616955897453,28.331609079769496,248.47627968679134,210.11432473000445,123.11081270744909,normal
5.817012041619792,35.877060081038195,240.81951630001458,219.36082290037615,25.871128523837896,healthy
7.237816409009246,13.635503546772025,244.69166983815532,216.61772002368357,56.555710729715294,healthy
6.292477564195692,46.14010707897897,244.06414047474547,231.99133457783134,2.2714615154757922,healthy
4.990417236728836,40.16888807008904,251.31372389523122,227.52182228296516,119.0248299683443,anomaly
8.54432547919092,17.3046501751369,250.27701464811727,212.22975829789164,146.11674980468328,anomaly
5.3509110318339665,22.681328877814458,245.89792801541884,204.81550315156355,147.07328496859603,healthy
6.238041038025074,21.722127811613298,241.01253820025732,226.3769184832799,116.42098203195019,healthy
7.96423422177253,33.016485700724516,242.04901355476758,233.56721579921194,16.864220383433963,healthy
6.803009963309352,40.45431606766103,248.897373285592,213.3677085669244,87.16817364417574,healthy
4.358674068497432,34.96320348321686,254.71766755143443,206.9009550778545,19.599657914558275,normal
7.105898002889739,15.608411449147804,249.15011125619228,227.05934998082418,118.50617297066016,healthy
7.0638400653789475,21.971471826591483,244.49348516930812,219.5133727417605,108.65065671930198,healthy
4.924213845698301,29.705433016099782,249.33620462348995,200.27511848878598,37.23653582648829,normal
8.283456788207427,18.012119900246198,243.7257541311481,200.0012287538153,32.28719172039311,anomaly
6.78566885726762,24.761134435223568,245.8147320818347,225.09315740362712,81.69126539656057,healthy
7.165878617925735,41.40083945534404,251.1337978079863,205.28718631015488,50.63314093990659,healthy
4.975233445802813,24.494582413750166,249.25175411778812,200.64973772837814,60.31778676589467,normal
7.272251046058937,18.059612147947664,250.7459566793715,214.1241155575356,86.0064229824554,healthy
7.528650002194336,54.42594934692807,242.95388556680143,218.5592679266755,144.8478398416825,anomaly
5.937816624464087,35.82867906796446,251.41511885243088,237.3499769200588,6.369830311320612,healthy
7.953348460270899,19.606422033061392,240.93304839247054,233.23796684220275,158.2144866085861,normal
6.475452642192816,32.857495196685996,241.035688594719,217.68133683724494,82.018439056512,healthy
5.009153584671516,32.750398796687335,243.3918799687451,212.33873125957936,32.927100318307474,healthy
4.661179717166572,30.319073651040924,244.6468178881365,215.78289261275694,52.45485406173092,normal
4.63338283310604,27.79496997557267,246.49224003314202,237.26219657237925,132.40379103261074,normal
5.888145913215505,3.404512976896779,242.94980377429437,210.45332071541534,91.08879750595233,anomaly
3.961712243612892,35.65650590853279,249.88568115198348,229.40100744759295,75.90958626354785,normal
6.190667269215018,25.21419096500073,247.10881830174154,223.52001853718514,153.71940844341685,healthy
9.114124960705196,21.732214255071998,243.9641439473796,208.06113512025252,83.09003082276851,normal
6.081507925463756,21.29214825292916,244.6016489928321,227.88654768551922,85.65564288986508,healthy
6.0868597773147135,31.7937055262123,243.45624993176025,201.5707765696661,141.51659641548147,healthy
5.454248278584209,12.061754069472236,250.99048575885422,235.44344435254067,6.639572081585019,normal
5.496918663471083,7.455445074072703,253.81961268319463,222.8114775492556,116.32296432226143,anomaly
7.837636730274381,26.68119564621342,252.58495991577016,214.98887882029504,19.751978529656817,healthy
7.401152093729364,39.52757702522954,254.32672810937552,224.9599394211593,90.33450222935416,healthy
5.178472872960448,45.14725634013951,240.25421497334372,233.9243694006252,95.25861922509962,normal
4.555439718013573,56.583773950046165,243.79652308769414,201.79987284941697,19.073670854491738,consult_doctor
6.826098173408961,39.94321903001119,250.77680920983826,213.49817115856916,117.00009429558001,healthy
3.8403305196136412,55.904457768501075,242.98488208439156,226.85083300916529,48.44402052351475,consult_doctor
5.87655377728139,24.52570905685672,245.70776564804842,238.95201653428597,76.01605451067527,healthy
6.13834985634993,23.560466632241102,252.04503107936756,200.88264594729162,13.211545285644348,healthy
6.6150091739840375,29.229094146172706,253.29140152969813,205.32728502670093,142.24009773034655,healthy
7.712679600126627,32.23001185803167,243.10613713816284,238.32472035677733,128.15019544662886,healthy
6.603421837162849,5.773022761417359,250.99100212179246,231.68764779206705,146.04812806525788,normal
6.9100216750799985,69.66515020525551,244.15518786488968,222.13887104839398,71.4122175978498,normal
4.737870533623894,37.73908826556149,253.16205069981723,213.63834285742234,100.9232672276193,normal
7.806309916386849,0.0,248.7667336463614,203.77675590641923,93.07544439575628,anomaly
7.207888688166061,32.113293703668056,242.3224291889658,230.7432532365281,77.35969361708861,healthy
5.627068129148798,47.22956024143073,252.57737750764537,200.0444837678475,136.32774652875088,normal
8.882191272976547,58.49822902342824,242.142629472215,226.3240887222597,76.88959053380289,consult_doctor
5.47919962399496,48.57424607150453,242.35909812269574,213.37604715954996,19.100961814111486,normal
7.006069773276766,69.02524671270592,251.95022095787058,232.21729317199944,75.74970550000343,normal
5.177044436110048,44.45818675192365,240.65849913964507,232.83924069196564,0.09567021356724936,normal
7.536489434803029,38.12194092307182,241.91800201833627,217.25206825364057,0.9675269094365468,healthy
5.440360479535958,35.50930970102011,252.64989251681826,216.05847116356173,26.58959993755987,healthy
7.681002645239803,19.22389101646204,242.20954566418456,204.7956437389085,77.31713214006962,normal
3.2686466280986606,42.753326131702394,250.30528899754864,234.8267613650207,80.092690788933,anomaly
7.032912348425347,53.917575948374584,250.1631340118843,238.4596929829645,80.88332667575844,normal
7.370940407684893,27.37560364956887,249.84946610561815,216.70667983267978,157.0012123826043,healthy
6.333587368433042,31.01783265791105,249.96329077483452,223.30857797378727,141.63822059321043,healthy
5.878722046672743,29.44444804427382,251.2762048859376,238.02131283817636,92.56669091256504,healthy
5.361409113641696,40.44581171185073,249.85134095211836,231.18066805696253,69.79936421714518,normal
6.617449856663084,36.55407254619525,244.98286549673406,230.09591529215152,50.57620984751529,healthy
4.116619435603489,43.98886247809635,241.5205934632974,239.70327181951052,96.09331151794177,anomaly
6.104930332194411,28.194282540696026,253.43512166428167,216.02816667337868,140.43990477801998,healthy
6.960388645952772,36.803014522709695,252.53220338613292,205.01945187196603,39.80668619826833,healthy
4.13730805545466,46.645497629343346,241.73091963268377,202.48147054515127,154.6729824029537,anomaly
7.898165277980786,42.266494488004305,242.6283265815874,233.3457604190069,141.99503043406116,normal
4.2277218668414305,41.08215721331254,243.79908575284074,225.95061544637542,30.82822343787205,anomaly
7.891287277706423,42.79160512683329,253.22535917765262,232.49895284176688,13.873050815302435,normal
6.995071229516849,50.99033154879003,246.10659733688442,212.09678045114146,107.02024496650965,normal
7.272929456942446,14.023295053869411,246.5492128465315,204.23497272852518,50.192499961144996,healthy
4.329355971255575,40.08860551804097,245.05809863348628,206.47692026528856,138.07353973008296,anomaly
5.945431920935511,34.52687849729199,250.08690747037542,218.61347735757943,70.06398194286596,healthy
4.1810211579782095,25.37948573721388,251.46530079654642,203.93696756405475,30.761266954894708,normal
6.150880302029025,34.847515712771724,251.0480284250219,227.69417224617658,11.983334720317398,healthy
6.716875231815304,36.292986658605415,245.6088157051922,232.974017889974,84.4140757235465,healthy
5.574901792781135,44.940715287087244,250.71489953602497,238.98762384194205,64.30020339787832,normal
6.134347435878844,31.56301655927814,253.47840907012258,213.73546808710577,55.20269438793058,healthy
9.535683438714969,12.80481910471968,242.9882291234108,204.4637199982899,18.014474644671115,anomaly
8.019160181081931,24.52017673031837,244.44839868308895,203.36510649037533,135.75548390500234,normal
9.34112188732298,38.07444118574449,254.2063600066278,223.53408883932613,153.14157320636738,normal
8.00167309248971,16.830261198651584,241.38938224577052,225.25501304193003,71.85256226158015,anomaly
8.167677793910947,35.544632882971406,250.12179453251116,223.1343905246616,38.20028337376385,normal
6.39561632402206,28.925981108789042,254.26159061597008,211.65843653975176,120.29202335306898,healthy
5.4038820538949075,31.469747302063432,240.77984027966562,214.1932742217265,105.97086616633318,healthy
4.964263665375576,50.88003429516899,247.26115604565302,223.808513365075,26.85033530336458,consult_doctor
4.777737023428074,48.19646549968775,249.5154553330753,232.2285810267287,60.328628960271814,anomaly
7.223064831384464,24.449834551768085,254.93446664248324,215.9733032079689,152.5291468131796,healthy
5.282320368092313,35.197558225960734,244.0558992957679,233.8048340598414,140.07818406334343,healthy
5.5104985980117505,67.39499276149186,245.57586099603515,227.35465807341373,43.838095915195495,anomaly
6.352844462209041,36.32881131352927,247.73792854068492,215.6837430761829,101.02015642294026,healthy
5.0065074836168915,19.97864319535427,248.46111043250278,228.59013105775784,122.16253498691395,normal
7.218063924377722,14.327862089684496,251.79308478391587,211.00956724148034,84.00789443926155,healthy
7.987166310250101,15.909969092718686,251.70548254510322,201.6766086686503,47.983614879125795,normal
6.639824191372635,27.403922635741957,240.14885731691754,231.00976207339798,55.05465885591073,healthy
7.707356426431533,17.411854989914904,242.44553005397387,221.7679465001481,143.67283458960307,normal
6.7577446112416215,33.008537958464146,254.2723606526518,211.83296389986145,54.92407825031172,healthy
8.574901607526309,44.46130752432536,245.68641073007905,209.47733299626594,47.723592677459635,anomaly
6.155981354090242,34.63249518898446,244.35068297943656,221.19762347720933,130.51926090017935,healthy
7.695064193866482,45.338556480144604,245.22143389752432,228.2498465022105,41.06355314977533,normal
5.349041965121793,39.20276959095625,254.68471672762215,207.806660688746,65.70922128164526,healthy
7.708831674440095,32.91911182855864,240.99694988664407,237.4374899299424,44.64132645564746,healthy
4.381391831932018,34.79672901213806,243.38071902010148,232.69631389224438,17.696575819705735,normal
7.675635757279076,30.480062235986498,251.70947576138335,216.68773674258307,145.52775568194215,healthy
5.2939193090402235,12.095447523652798,241.0088387095105,204.93135117195789,39.03924837639556,normal
5.119395753463765,42.80123338170462,254.61291665724536,203.15757611786222,159.31751232821168,normal
7.159014927018459,26.381135180721863,241.75805858520351,220.23726617278234,13.315690593291567,healthy
6.591189901906194,25.53654744960012,247.3929687667117,202.6466075533776,87.08117392244013,healthy
6.761727962224966,29.061103081507163,251.74797619947938,233.3828716102251,8.757233107997742,healthy
8.618819223261088,43.42789830041598,241.08474712886908,205.763151440528,73.36296994992246,anomaly
5.161384280269802,33.57553474102178,248.12641446401344,236.3207418168665,3.495473917792289,healthy
10.868321212682856,16.6876173329685,254.16672874041456,215.87968648829897,41.424683966902336,anomaly
8.596965483721009,10.755116637171454,253.37808217216102,208.8201705374259,122.34415206157976,anomaly
5.788332647570499,55.987724992276384,250.45703708837715,216.63274272073645,156.23304470966562,anomaly
6.544832164767362,43.452589737982976,244.07919059127673,224.17437278859086,36.36176856954597,healthy
5.257320302847418,38.534746187779135,254.409404632698,223.074295245308,140.14478799998312,healthy
7.422734307665966,30.233685713722014,246.96142739180254,209.37702400046058,83.28701396877734,healthy
6.6573682557930605,27.598008066500395,253.33691885910014,217.70309383731262,129.70937125401468,healthy
9.465916133987989,17.944881480454036,254.71788793746174,200.43244334540785,88.88793118169917,anomaly
9.721987850010263,12.186023714557308,247.50905356732062,206.57622116315514,113.01951948959938,anomaly
5.19981877759124,33.588702961667245,251.6865387959368,239.66131103309544,50.05347160387521,healthy
7.6392663212974625,41.675416142499564,245.96418567829306,234.02298112060464,53.51080433889665,normal
4.656544429410843,54.20566903587971,244.01389015091956,230.03078596844222,43.28948103807862,consult_doctor
6.562574211921329,42.00614287841523,250.10991312218596,203.26299702445465,84.510281881017,healthy
7.182714943325795,18.862941214529275,251.49772574298876,226.8900274917678,64.79497398019015,healthy
7.321000741138138,44.111567819823236,254.36684701482307,220.06071841400666,148.60927371006164,healthy
6.507052421784956,23.116736056965898,250.70928948759885,207.8567686348807,116.68956807635298,healthy
6.739199533363177,14.99503013091638,250.53219144272745,216.4911891132666,114.76190013852103,healthy
6.636325586084147,20.643465589562922,252.33269830224634,213.61646224457039,133.83075079517914,healthy
7.495503724816368,17.586146690269203,251.1432224050191,229.1511221780259,96.5140899359207,healthy
4.991173715166042,29.61668893512832,240.0020203950673,208.74839201294333,120.2046278998027,normal
7.184274898521248,18.64807367145809,246.9257421571968,205.41838147178763,107.80099676545436,healthy
3.148836849940185,32.7153233805556,242.68883417861684,203.34099658720075,156.06565882955923,normal
6.5272541855423105,44.293118208044085,245.25780801429244,203.20747027248453,85.68679569564772,healthy
7.211264291900514,16.771880231584234,242.32387966715163,232.4746449604152,12.04459466426778,healthy
5.433425913212226,55.91314755151067,244.82243551871824,233.604323137568,38.25062145200475,anomaly
7.386261565070958,35.920072947344714,245.01074948503154,210.39312551761196,33.87933792838712,healthy
5.384662195715277,0.0,240.23092337536963,224.239878690841,9.911442972638067,anomaly
3.7577199065965603,3.4734095165572256,254.1710438817462,209.05089720012745,68.6639187133315,consult_doctor
6.9715138476050695,23.60463605691685,253.9066594328764,209.61196493801467,33.455578334338284,healthy
7.139651886952576,31.89569369319618,248.1135750575712,230.25015165689737,80.31126482109468,healthy
5.411617229092617,0.0,252.57232462482963,226.76876119699466,1.5724084111660552,anomaly
6.8693971814134365,24.177347721881567,247.60380656942752,236.65682178128264,54.86874604147134,healthy
5.672376579375525,35.93705300156114,242.0074254449954,226.46669038516757,43.065851358660666,healthy
4.954013845480276,44.32957812855766,254.5280599754984,200.6480158935787,105.3291903209699,anomaly
7.001375781436571,52.70174614863197,249.72757230178033,234.62249532688816,117.94118623306225,normal
7.860447624789658,0.3105028443631852,252.56050619655227,237.9709242498247,135.17825366568135,anomaly
4.246983461934848,28.753416410569578,250.06736210069533,232.57547117075046,81.67362101543061,normal
5.87114777291026,32.54041236054117,249.9990071856993,209.06086504144423,2.1166100648470376,healthy
7.584446193435156,19.212700211363696,249.54561422300063,226.6608790677214,158.4456272935906,normal
6.566526200803928,46.60621003930459,245.8778905978204,214.1891422692085,66.74628463611234,healthy
5.46321960058034,16.444472089048077,247.78836856170307,228.06953095509027,106.35827278573541,normal
4.743788849871898,44.29704950869868,245.52520820691527,202.48165667826217,35.901276767967275,anomaly
6.398998458143839,14.637197635061925,240.22666026321713,205.03820785517433,75.9630409669842,healthy
4.840180320508967,38.7954602813264,252.9794363836337,217.6842813871888,143.5835709314538,normal
4.887963886718183,25.194790377085198,243.48576484584072,222.97150300360843,40.99064231029679,normal
7.904952823024782,28.642000765437587,240.27186061568594,215.49097645699365,8.737648514155048,healthy
6.555195453800835,24.005457215780964,246.27500796153421,210.82575767927062,85.19534526142358,healthy
3.4438121184612163,6.561812146701861,251.0808472608985,236.69072266310724,72.90392791038039,consult_doctor
7.326313383693943,21.25383842146592,243.52460107493928,232.22595221453366,38.77659122188197,healthy
6.2688886011726925,16.00098061390206,249.94570787705135,215.8062118988922,146.63826417848227,healthy
5.472594672589529,61.15121975341261,250.55785637451496,206.08194269697967,49.9302471443233,anomaly
5.971511535004274,0.0,240.94034432432798,238.79706101380765,60.268230468713995,anomaly
4.315058650388419,60.937873788647174,245.35328962756665,205.1330344875506,108.25875736840104,consult_doctor
7.994745628232439,13.615308529911314,253.89291102647672,214.03276437340062,45.4694873138766,normal
3.3218683007162473,10.031505696633328,244.3332740836375,215.38444303915074,24.923721692827225,anomaly
7.029019771361758,29.770352262405066,244.56298079454422,222.9216880247606,118.65057735469273,healthy
6.221475688145967,21.35234398909921,240.00017452133048,236.6024293006889,19.71959330120823,healthy
6.089454460068163,41.30012431656799,248.57618974715623,205.96997878965897,139.1439495699474,healthy
6.3547031274850285,32.880736747350475,250.9329216340492,218.66772483537633,110.59946620575829,healthy
6.612943407349051,61.12891308937898,251.91773316736123,212.25853872171282,115.22519374895043,normal
4.643661252908331,43.774749090034696,251.21166609895042,206.0188908402399,19.25817219359777,anomaly
6.396514147823248,23.350766232127345,251.12844490438073,229.13483417358583,52.45411181600545,healthy
5.453696840619519,54.23374235322348,248.80404759838362,231.90056181185943,114.55755096667586,anomaly
6.443831772962842,77.8966135176729,247.53946863945197,215.1991631586158,74.96911913458155,normal
3.8309261932155225,36.20698646177247,244.1205572257184,236.09652133144414,64.55695504431993,normal
6.740391060646244,34.40336898249944,244.06209492055459,211.7341368576404,50.88633787112318,healthy
6.442156622366184,38.90335083421293,241.06552333566003,207.85177209244267,18.234541939078586,healthy
4.590211136887494,24.702505607839676,247.5469870882731,207.84982866824663,157.27150072875213,normal
5.054657116794285,37.031613841125356,252.5970240999664,237.15438199382262,18.87559738048985,healthy
7.199172799159427,14.762672715324046,252.07635477743494,210.87818237592793,89.4749010829533,healthy
5.60967839507887,45.44941226371742,244.33781169443924,226.90029050694596,132.73053302853899,normal
6.2695028378168605,4.605647787069216,245.97007939431754,214.90035726213864,35.14158857513104,normal
6.409645341537845,29.65697906551677,250.40924385765234,209.34963168146976,120.99075745708488,healthy
5.692838701006313,16.163847232522464,242.42044201583076,224.54551611957535,75.88938637894884,normal
6.622330879450504,40.39658410894716,248.16380949170548,225.34846399062116,2.5645050328196994,healthy
5.1536049400871216,41.6949079840401,249.35614627296013,238.268817355574,49.51512785417614,normal
8.99718814878153,32.04802996624106,249.02330818949736,235.91858587391152,69.3910930112608,normal
5.0189765224724345,5.319018795646624,247.76940791568867,228.64199892968577,73.28457865341898,anomaly
8.898181360421646,33.50678867686121,241.09622343040522,221.29167503805817,26.285894923585484,normal
4.731843437109749,24.978370018401886,244.64710312983703,227.28766757020395,21.391304703909793,normal
9.020060988604051,34.2024173822941,246.63440708176702,236.897371346245,10.255153765788076,normal
7.887260277883692,38.20100352302069,240.02988202828607,219.9251977419217,118.77918993436509,healthy
5.098978655667926,26.860144842722008,242.72420951634905,210.63713802528474,140.9432256871604,healthy
3.9488287438965664,36.83831658122411,242.92860904434738,222.9579946427604,87.31135501008413,normal
2.3203823438653837,44.9440022917071,246.50726129364796,208.7283013820869,23.471218242429046,anomaly
9.94486316872793,37.43522831958907,253.20235106882228,220.05102578502917,96.69007715845117,normal
5.583560109885832,30.311905615131117,253.43019133729754,204.13736459441932,103.78927253717832,healthy
8.243728795198647,34.28331112286485,240.93591102897415,237.65896950024262,74.23766679046093,normal
4.902377992977463,36.89958214408675,254.2833267854639,206.83745609683393,121.94793394906314,normal
6.008071432500986,46.622742251062746,245.54719883980766,233.10212209096187,76.0761144372374,healthy
5.961458552828316,32.256283577153646,243.2361101876468,202.0097203929193,73.74373411305311,healthy
6.423511951439288,34.02888418294886,250.5175479238539,231.49487832597092,34.565030462891556,healthy
3.5426768490032217,46.33122929556279,244.066443806461,224.12600480491787,13.664484826035466,anomaly
4.697136516370939,35.71737577324167,252.49245565182406,210.72697470979654,14.101508956270639,normal
7.021658251088123,26.23750475317429,252.92536355681017,216.7850953122724,101.55906257664472,healthy
5.196920359183972,40.9144431545547,244.47078312959164,209.52586614662786,151.31995235614883,normal
5.417200709960202,11.556756083213749,247.3274344898986,223.7512252777381,122.59927564166063,normal
7.019901149670034,27.054752263725327,251.41556685376173,201.60236476202778,105.97019819691519,healthy
5.011754204811233,20.798960046885902,241.03511388919225,235.4472708851738,17.57809819852527,healthy
5.918553739255504,20.377776071655717,243.8469459152515,217.05998988967445,23.282477245977464,healthy
4.710227050883409,41.21865384176301,242.54592642865384,235.18405986847048,57.54808979569084,anomaly
2.951791065069877,28.410774685437964,248.58910849323033,218.86959350073755,47.0266816807894,normal
9.065193718837099,15.700070876119314,246.41402000555007,214.26384703944822,121.66401076599723,anomaly
6.750493157930422,43.55902261629293,253.81149912695037,205.38305068416432,20.17845158006569,healthy
6.166622993634317,6.552137869550144,244.3857466561829,222.62979802453157,36.126328344100656,normal
5.661837770301764,40.98960115823369,251.72735795017402,218.7227621693716,137.36103272824872,normal
5.551405369644614,32.96399407038599,247.50936402105626,218.38336228854493,159.51190678586715,healthy
3.680298206363684,9.793105657054554,251.38507923782896,204.00982254891505,127.0296213522962,consult_doctor
4.433475700356315,27.78596120551997,253.2449073724466,209.33331290597306,16.985656567594756,normal
5.798344456616067,29.42237295748939,252.0593776132878,207.01966509525428,33.0908629013434,healthy
6.076527576417639,46.180212501469434,252.33802191576297,238.05779302652368,92.00969175341035,healthy
7.19251826389642,38.998930949943066,243.07020163585926,235.17320862713896,111.37277785072627,healthy
9.095189473980922,38.45863680078539,244.49700791347854,212.47517743054902,51.33672683997497,normal
5.964491982874588,48.12549345889714,250.5683164204117,217.09945816361073,96.39506727316262,normal
5.473583051445743,21.567479601325466,252.55679441745977,212.6145497306447,71.15404429733373,healthy
4.7818544263265395,60.862432045675476,245.5267337987487,225.99152187057197,140.77403967063486,consult_doctor
6.989976851321334,27.938272280584624,243.3016698885713,233.13754683755963,69.25438736914757,healthy
4.126943886924378,44.97015164789478,246.49093704029556,223.87642762186624,139.68690352243254,anomaly
4.802614809129843,60.843106949104836,245.76532557786203,210.85968010170845,40.34766039928479,consult_doctor
5.853014750143066,15.171133392736238,240.98542288431548,202.4723384275689,146.40024603960435,normal
4.29329574924272,35.99531927628962,248.29060613577818,230.09873350345978,54.66257803049629,normal
8.576727963283783,30.85519687345627,252.8480583562189,200.4521014635609,77.21619770584331,normal
5.984579158758926,13.414429972710963,243.48027270463217,213.4148642486985,78.5631620270256,normal
5.515840836222667,11.484766921801171,248.7142556983227,227.10183220735104,97.17190668689055,normal
7.332508096064853,36.05595135504914,241.58018226722,218.64726364510227,24.278866072488388,healthy
8.430301115735976,28.524905598078753,244.5437359324979,237.14522248461577,0.036326114920886,normal
5.546236521842943,32.77020458797362,250.71636246106863,215.72415630237603,58.12085626812964,healthy
6.578725491495908,63.469502192889486,249.72958435153222,221.94353660218755,152.746617100651,normal
4.334877136269536,40.07010114675698,248.6821013176791,201.93450844195124,151.73912844622703,anomaly
7.214084139801316,29.176589990755705,252.7108189585706,223.39311245223163,41.29722290774636,healthy
4.416808286662082,12.314403132602962,243.68028471249318,214.34486327814366,112.1756139782832,anomaly
5.461367467478858,20.914276154949924,249.9152138137098,207.24733116200332,54.74121601790319,healthy
6.7640880195665565,0.0,253.46048798686397,219.84956887603255,49.63764539915276,normal
4.2224730915755,40.16812979296361,252.0572181779017,223.82719296646118,4.337064373797297,anomaly
5.188495801571829,36.28528514049068,254.65961861987256,238.78894531191906,87.14093937714173,healthy
7.759439213821661,12.45124746434568,246.12227536300048,205.23894971976696,122.99954101800208,normal
6.029413927746792,24.94371043322941,241.0673742776015,208.81784016981675,28.82538363721908,healthy
5.4065687061385415,32.96866175193972,241.09352753051854,216.74429099673318,7.875346326521857,healthy
4.7409739277504475,30.967116222151805,253.3883734122971,206.27250821267222,31.47011157005169,normal
4.9624633297281795,54.18417386982968,245.58799910639326,219.07355510932499,76.3173428188246,consult_doctor
7.27939028556177,39.50665321398148,241.14358826960347,221.8678272828852,1.1171619008556988,healthy
10.330253749884427,13.446160241763437,243.4235304524055,203.69442112445515,135.02070579694865,anomaly
6.17843296578703,42.93590208574138,251.97439795813779,207.94578307589623,21.346613683713134,healthy
6.351292307031886,29.634681116085257,246.0765404179135,212.55501986889882,80.00932147057387,healthy
6.222230296011415,21.806333276212758,247.83765271628383,233.76849301144574,148.16952957092246,healthy
5.867534173868717,15.010466515576338,243.44397241130952,225.51096567382365,63.00082265046507,normal
3.976383827504152,42.16212409739673,240.6052624028955,222.18927213129416,84.17504212024673,anomaly
5.016669406650353,32.40860971574797,252.1631787151188,225.1928261773883,4.055776682230157,healthy
3.191151733359849,42.23605818808945,254.55385664589085,217.04484951808922,6.282408263785637,anomaly
6.016484146911881,26.94489374734551,246.50374188948922,201.114089632843,6.387605210200196,healthy
5.098303652343807,34.30686247802736,246.48519339605022,202.8462271551164,80.72046784877372,healthy
7.8307030780523545,38.14947043554582,250.11195443304095,236.36701056214343,71.06934510053864,healthy
3.711303055427771,37.27099225941712,252.21188528386742,213.077640973467,86.13809633616364,normal
5.758506780103348,30.77918828710949,241.58047383376285,236.33738207517501,50.06712768461162,healthy
6.841678213567445,52.39032853439282,250.85171726775002,238.612108945216,58.68773130340294,normal
6.792454037571451,22.98448198032163,245.4035087820064,222.27139643712752,129.41221175866946,healthy
9.07303674471255,43.78843401862805,249.82760571786508,207.07587803295937,68.08090548349485,anomaly
9.4495500619844,18.21015809238076,241.7775393539723,232.94494442995892,103.28549702568355,anomaly
6.499678312319584,32.397845879961004,253.32177283401055,225.82288725709714,138.87674027694447,healthy
8.503535578144042,27.49317429320383,250.57306515065073,208.97274235414105,106.12971352064031,normal
6.598380545741505,10.153653098887524,254.64020734918822,227.1399987317055,11.738250793536427,healthy
7.482853756562836,22.59365125258031,253.6491471578159,234.9628709322074,110.45165550411664,healthy
6.543767882646522,26.64801026442222,245.00442593755298,205.07296090201675,150.38789966171342,healthy
6.799897369145272,22.070749773753647,241.97572542868642,219.70141522857156,10.95051347882018,healthy
4.979809422897393,38.25078148536828,254.8699185234633,226.47654530548047,81.98285131713705,normal
4.096206773230841,39.137071813607655,245.35544015955017,219.09401592489604,31.87514973393224,normal
3.212286120013589,55.165512211146606,252.80677382557002,232.0392280161346,66.78316517266367,consult_doctor
4.6276779945784074,3.5878678202883627,244.1447866269878,239.53683975853926,60.757984771463796,consult_doctor
4.496982943570702,29.13571804449622,244.4295221635775,217.52714452993376,113.50221149190179,normal
6.101236204330926,24.852115867538842,249.10270433310208,227.7981247737219,120.28770617390927,healthy
5.891577929700386,19.247665190957925,244.45936185461,211.7626984870711,149.2588304202613,normal
8.430076715676552,36.629109743541136,249.92953417190802,215.91173763716392,125.08477214859622,normal
5.533513829852325,0.0,241.02688079000367,222.26313714008614,149.21067339295374,anomaly
4.764195512303967,34.5395319785855,253.35322503954262,224.33278000031086,65.24448550498603,normal
6.197932345442135,66.05123377857413,249.11628183379085,222.04639847665487,132.73003450928798,normal
8.300311401166788,30.220322920937956,246.49150319398893,209.62126340720596,69.66341174396022,normal
7.173903410416395,9.810304796298773,246.43416500145216,215.837489047838,67.31785001097869,normal
5.7861814362231785,47.59093528889047,247.66693708855846,207.3135111947527,143.51924629830577,normal
8.943816509643282,3.7720204014272873,241.95121004743422,200.1674977451183,43.75592245999677,consult_doctor
6.624075525566133,39.57076652161136,244.1293232017779,216.10957938987323,128.02201324033214,healthy
5.0904853242168,16.727959289596484,252.72638068635786,213.832243936417,59.53316079406335,normal
5.589933269954525,18.967050861153503,247.48343496803912,214.3683498793076,145.4723417930379,normal
5.559041843560319,39.78484317620129,242.1431394200912,219.5849784820098,68.39464450667025,healthy
5.9298292724322295,26.628518971609747,244.23708639555005,233.31718862296913,47.676357679335,healthy
6.827976069593255,36.607121069405984,242.11204423339015,202.22422086721843,159.09284842971437,healthy
7.108874172034238,18.826460327903263,247.26806992620016,225.9751528094649,7.889437937571948,healthy
6.197972668919828,20.813439380393433,240.46723639190085,222.95463398708387,41.73587935393422,healthy
6.634044601470814,14.194763712804688,246.99464634210256,222.09464551268937,73.6568597015723,healthy
4.713418537998566,16.189896103809506,249.6092277532333,218.31715977736113,136.63086114269646,anomaly
6.1163199407308175,10.547520780662303,252.0000522264552,208.44503770232149,91.77012480427359,healthy
5.083274968613687,25.165192961829902,240.2869344965593,232.39697681211598,56.76756634502219,healthy
6.218647609053778,38.047647653556055,242.8738941860224,224.5118334214604,124.03752622384897,healthy
6.615530817237868,30.045690302301217,252.53738891865774,216.12842532735291,110.40750214551194,healthy
5.235411546911095,27.039923695390108,252.78821131868955,222.021267223849,16.994212414152994,healthy
6.695477009849779,17.295579775225082,244.67795786875325,226.71471626803253,81.24125411017101,healthy
7.130285640700405,54.50147298451644,250.69810324923927,228.98393147390516,116.05945603757719,normal
7.500883231823356,25.36186384425205,253.35614275828993,215.238073800939,154.64935030088705,healthy
6.736125954092192,20.616559477357058,244.26411139391274,214.88693020987589,64.85205770351254,healthy
6.0100922050548595,41.387327404539704,251.4832012577379,215.1616194153214,77.41763501828983,healthy
6.815817812596781,25.70993667179834,252.0421640223675,219.3521015944259,65.46921399335817,healthy
3.8387751481581587,27.7491661945121,247.9640651761814,233.07434243891012,59.061791009472714,normal
5.837422454272534,47.94947229968477,241.0252980046494,211.89148817125306,89.559145813388,normal
8.106724467960193,20.146585815429063,247.63335833386583,224.0979776786635,118.66036599230222,normal
5.483176485353223,46.20072098571973,242.4069392140684,221.27487066020066,5.509009371730329,normal
6.3954939474890775,30.84974887345661,244.23744098959278,226.32639297190295,95.43473206616699,healthy
4.131544447997063,36.36248919602875,244.2150674836307,226.68849348776723,35.30416953947976,normal
4.908089046670744,43.425574711141735,245.7419814665458,225.02603157709106,156.39305010941482,anomaly
6.894427328698879,1.8724129553138305,248.95732958985454,215.32861463789007,145.5352625777511,normal
8.133634188360281,6.282139469518,250.44234217706887,208.81950557658996,27.06590301478723,consult_doctor
6.0364307724680595,52.5200047793323,250.41893140879927,234.73638095787737,119.83410413766377,normal
5.673166683655262,22.00948740507133,250.2016782817046,202.39773203445233,80.78583220002228,healthy
5.064288316832032,31.699056158066465,251.46661092113257,212.59673778355582,32.56557982190343,healthy
4.257720926652354,33.36677727839958,241.0766370933977,218.15959644798795,62.96885377701049,normal
7.490774873554036,25.78987384699839,246.86993638505356,207.42932288020742,66.99122293242948,healthy
5.748248146238577,11.640895998566151,243.89312674764136,229.5546670853213,47.62404441092487,normal
5.619719774356215,28.521178015736073,251.41276996396172,215.31136401612162,92.23822450237854,healthy
8.505989482874032,22.428376181576738,241.7632695022533,232.80270008222598,97.31382028263147,normal
4.8259016667520855,37.66803899287471,248.38588927419903,230.20534469780785,121.90238310039744,normal
5.421665433578543,34.33040443919786,252.87034906510843,237.95922668188007,154.6595553433772,healthy
6.689608709948022,54.630227402045534,241.8832532214398,212.70198801030352,106.1033998360334,normal
7.132475809726865,37.619869903688155,253.79296536984074,212.1314356339713,13.991440287981671,healthy
7.5544088801584905,20.31053731313197,249.45370829184236,204.72874489164354,49.55067377683026,healthy
5.7227297739380365,22.064209839805578,240.2061833101702,216.2636214943789,77.12277436430921,healthy
6.289136575316251,47.42817453912286,253.16025679699257,203.17121138524766,29.48822351201585,healthy
6.721370998892911,22.741712489185176,244.42935741071915,229.00024305196476,143.58171479419437,healthy
5.400553405595842,18.68586224970963,244.3111439469837,211.24199000667556,141.82085791362266,normal
5.0226689751497915,28.942518329113632,253.41141453799875,215.81037261724632,61.13975911359571,healthy
5.523648890700623,11.855384719631918,254.4020340660817,239.34268826054654,30.42060261099291,normal
6.213812369334995,49.7639630341194,252.56862562277706,219.13964280428758,60.35228519322219,healthy
6.11539645856916,38.334066990051724,254.63014700218605,203.65687967268553,138.83233566707824,healthy
5.580227571899468,31.5806325921894,254.4415252537981,230.1547233083965,59.97198789599963,healthy
6.702321013500419,35.47441503699338,250.16719800465066,201.39646210624895,132.59343741088102,healthy
6.414092191907339,34.48129362548529,240.8426411602116,224.28541123534308,23.673333457504935,healthy
5.089316201344641,31.840054739921932,246.6381827222212,210.17925326473042,108.22373902560096,healthy
7.188501021647509,32.698412267302174,243.69905452467037,206.51163956824917,118.76675703791153,healthy
5.409728439704546,44.88063524304784,245.3786769228731,202.73801810264067,17.389206299950732,normal
7.300464819113487,49.72371680376071,241.03070516585942,225.20372507446655,62.273378979750206,healthy
5.432621369786576,0.0,243.06474575098454,204.60584713580803,32.63913657750198,anomaly
7.364896141034072,39.2305122601958,240.14968164987675,238.18263715435242,20.651399508941033,healthy
7.319497645258582,47.815190826923455,240.86598238837675,236.45356760314525,65.71704695856192,healthy
7.3906219842164464,36.105784306868024,251.3893876037771,236.52165867559424,13.03155406258547,healthy
4.783667132802173,39.462175268321666,244.0110304178631,204.11370368629906,5.874070957290662,normal
6.244596191364147,44.2968756806413,244.8938087706172,209.8742811038293,110.66294431573091,healthy
5.170233687407937,43.25489906230008,247.80254838466126,223.1725786664775,49.9503578510607,normal
9.49488208495819,32.1441464214556,250.36325964826233,205.5994950688705,62.546788294585966,normal
6.960749381367681,63.786537080164635,252.10733306047325,235.39420470784017,67.5507574209085,normal
5.416784321259618,56.62966338914268,248.65053598286636,205.0777765501989,138.72962918063158,anomaly
5.026284572551843,34.21787135954064,240.35392446968294,210.44194104939393,147.31062412457914,healthy
4.730753319498364,20.228729945783275,246.04309923948955,218.33725696525752,36.972936459919396,normal
6.174642835826295,27.09510811080423,254.2713483126835,239.67850988954572,55.52037366595199,healthy
6.765427434352692,52.14810524588844,244.0711407067007,209.19306903190474,119.23435883053352,normal
5.228422513787679,0.0,243.16189652325042,200.9025804682139,103.02527313084235,anomaly
4.329543401993659,34.62075809256154,240.47615648059482,231.20850594142536,97.54910532412438,normal
7.383086838738635,28.173787374250747,249.35473167435399,210.12105363681013,52.46143904292136,healthy
4.372690863714334,16.414015487060716,244.29779323390684,223.97197148025555,82.99965553835351,anomaly
6.05812361277885,40.83572036741657,250.0721872300081,229.5180378959037,116.17357623741609,healthy
4.393276751759727,44.35053475191876,249.93651017551602,232.33622955574765,118.31507731819636,anomaly
5.704581681679216,40.64177725708559,247.1138253146543,225.92933875231384,46.5402966770532,normal
6.585681927458348,26.86167189383208,249.29289300054455,215.7258851797606,92.2471983921824,healthy
7.883425895451049,28.052689503998607,246.89497305603993,229.32000428890493,131.01908328327545,healthy
4.523509633866546,30.570052172523006,243.39043496724,235.58077244175053,121.60088719393576,normal
6.126773232411146,21.065080589347616,254.95856849855403,211.52738103838118,37.25736910017508,healthy
4.179847812677663,54.110183640299894,254.5055291288422,237.21593680677302,24.50312001343299,consult_doctor
6.778083094771445,48.92882251070988,251.06139128656017,216.7639789166834,101.07558693225344,healthy
7.285215987566669,47.948572524967375,250.94017191131994,200.25516173626363,85.5294750650094,healthy
7.269396623402014,63.157845023870266,242.48624669730233,222.66421035621852,49.251064004179064,normal
3.3104948141803368,8.034376796852698,249.37175794184103,213.12932422713357,154.50223604268808,consult_doctor
8.41017582317421,31.343710218828733,252.25460860907754,225.0272764904541,113.21929371848566,normal
9.479773686267334,52.06755491240413,252.25169199758454,231.33191931824192,95.5886788117472,consult_doctor
5.38627263903298,36.66904002330211,246.06791078360806,235.82759777066465,51.53080563131675,healthy
8.951410649366224,27.730900745197324,254.0694784715084,216.2946209685133,124.14036071515088,normal
5.315289210362853,20.306590352342955,243.73513104163635,206.79548292876228,63.116702534217204,healthy
3.9150562397141444,36.147279853927685,249.08456833985116,213.5722106923827,111.54660068645606,normal
7.262229238249906,1.772264317535413,250.00271086958486,201.76263446281524,138.1490524463015,normal
6.509771388776773,6.105093997024962,242.93749626201404,230.281924587945,5.694436929036222,normal
8.380756371984782,45.00873477064467,254.98338918049936,209.833897699736,153.3020991687194,anomaly
5.330816964273421,49.56510364317229,240.33638833743083,226.8173733518767,117.83570793905164,normal
7.094453855035856,29.94938313883572,247.24559546338335,227.5635061499292,128.8279035776603,healthy
4.103837346822928,47.00655145300597,245.7839638877,235.8629863387604,122.84233883429403,anomaly
4.2333242334485846,40.62321634884836,241.32577420476778,205.81306769682016,129.59659898935558,anomaly
7.965631064810394,17.846213444784283,241.21723767804357,237.83698576128347,39.95906867669683,normal
6.189763074033485,27.076375794709783,241.27655229179678,220.85508085894963,129.27317249744303,healthy
7.987893368511106,9.15641299854606,251.59712810878008,200.4113798374277,67.03516380472391,anomaly
7.218226271711613,12.091124904014169,247.5053916932334,227.6820221215898,58.668620752477025,healthy
5.229962917632264,20.415573784657468,247.8194407148121,224.45854444902642,39.99566253901275,healthy
5.475932907673939,29.09008779278069,243.6225094198925,225.25835170332084,110.86542576396283,healthy
5.227023628003302,40.624557708015956,252.13535460437515,220.7230999216138,103.92896108111388,normal
10.198573097256087,50.60487817744436,244.8174322895393,223.46495673134652,142.92871900609964,consult_doctor
6.210229186826175,33.26149309769584,249.86030223255193,236.42422868857687,115.26143977383131,healthy
6.346420028643194,30.657172079686642,248.19865713048443,226.34645419759067,53.97289741532248,healthy
7.316439952305237,34.24931807319213,243.29330884844703,202.27525591110586,110.67521826155021,healthy
5.046584096167572,27.906155577672394,245.53060756297194,215.9146281206971,114.79439849790595,healthy
8.883011263664807,46.087610059647034,247.44388129323542,215.9073765773222,68.33680725765491,anomaly
6.351277722115164,37.61753634434436,248.43109191603855,201.6103201203693,114.42000317070207,healthy
4.865150130833643,0.0,245.6320339269975,217.31085937367277,68.5362880910154,consult_doctor
5.560958650689634,32.64662332915838,243.0042302680144,223.73845530818895,154.18963018992787,healthy
6.5165515013998805,8.905238044922491,242.10486777290274,203.4452855625472,70.33007068366379,normal
5.735968608879476,24.12362776434267,247.7240002486989,212.31083621172596,47.988703595690595,healthy
7.377899549030161,45.75981594011418,249.77459640715915,206.4271833884738,134.216617904651,healthy
7.167514433261302,33.910106487358604,240.81498052234355,222.83509667357905,125.34195519933414,healthy
6.769672314245463,0.0,251.59382222814173,210.6198562971629,157.23832654566175,normal
6.320470890647113,40.784299659976,250.45814072864454,233.39788822777615,8.202153468159707,healthy
4.644872850510771,24.45584495934549,253.24372224778082,231.84974437825548,43.946539166064866,normal
7.020678926368313,20.05648623673578,244.3575675850713,207.624393322978,138.56570800732104,healthy
6.547127141151782,14.901861520805383,252.88146419024207,223.42254915173208,128.29442695244896,healthy
6.823614619276076,31.39267351711672,253.46878780436498,221.65080443766712,91.07303410070843,healthy
10.090126807403191,31.131504583523892,250.84106628358208,211.08276998853597,53.73061834264553,normal
5.545788421097572,45.743290729790026,247.83864899005118,210.94561671443086,106.08435259570358,normal
5.531877067504784,37.63087534844901,241.1545750407131,224.20358074162152,64.90324151155801,healthy
6.563295392507133,11.613515054964882,248.7879718268028,216.27219203806894,110.66490429864665,healthy
4.7714109304966845,33.61129769232853,250.09054491313347,222.87983513134373,62.98168324439074,normal
7.939847544321636,34.886944748732496,245.89096114907125,224.68423777714625,45.242473129615774,healthy
7.79869789082672,35.61084854771358,253.61848190669429,237.53262914605264,11.28570201487305,healthy
7.165555398150198,18.66382260760733,243.6059836934026,204.65433940657982,61.0586398574616,healthy
6.530150146715617,44.62796444673644,254.52098718076138,215.85250501992883,123.91769649916654,healthy
8.764655968412924,11.18565865246126,243.21609724489747,228.58875334008144,45.10693689556027,anomaly
8.268130069232466,19.97783871691509,243.90354896977843,239.49344634318183,90.46655036040607,anomaly
6.862379133571707,29.70870591168401,246.76941169543883,206.5064326042194,158.09985215274165,healthy
7.010911046660946,30.096334047164067,253.93709280023194,209.62682059028612,135.01005818532897,healthy
1.388098989896391,38.08133988669554,243.71010473728626,227.68045023786618,27.00960092553027,normal
7.2315484845310865,25.62283096626684,252.3711485602051,238.3052658509035,75.86527134065275,healthy
6.710949281314914,25.64588183717023,245.35681738950754,226.25638414002628,62.754846949366424,healthy
6.748471017969387,20.347226544297854,245.03415681404763,201.14609710310617,46.70578775964916,healthy
6.625739275518815,15.129114758155392,251.60987067229144,237.32820351037225,22.139455155289056,healthy
6.144751432812029,34.78761765628771,253.62342733050485,223.97844558634867,53.5805264219176,healthy
5.7463229510648075,30.36329185009137,252.42833396859123,227.73688512225237,150.1089876039556,healthy
7.913055370874361,29.783215936825812,248.9527781533164,231.29703248851152,134.65952120684386,healthy
6.37988468120935,28.497688852800707,240.1247991334079,210.34366364539136,67.47401880414662,healthy
7.125892277988946,17.855947201175308,250.6109550004939,202.90939791114673,95.38282392798351,healthy
8.780712452608848,7.11515528144858,246.4802839139176,239.0911973026579,98.75107633871467,consult_doctor
4.269315080373586,8.399236761085586,247.78548420194323,201.20415488845276,140.7863402763223,consult_doctor
4.394573933682877,13.555873696571972,254.45248861331382,213.80334982052935,70.50638134788697,anomaly
6.711702653338088,37.69658697264124,249.4263968492188,232.5489337488891,137.25724536279824,healthy
9.071735604160885,37.45048834854782,246.02830799836096,223.0237371456033,48.65514175540541,normal
7.771555097527195,55.65920058872888,252.05306489193904,223.07926449670728,8.02805605119584,anomaly
6.033459382114087,47.09817841693568,251.2253378049861,221.65497683629752,69.52495412871926,healthy
5.172333668121346,9.496819523768682,248.08641829104013,205.85745026411266,23.546120175191252,anomaly
6.570969866101333,17.242193186860497,244.3144909356552,215.67642251775635,113.05666063907483,healthy
4.4287170808184015,0.36800150469193227,246.2917199093597,233.09208598948985,37.99732882710144,consult_doctor
6.959856436860317,15.262689096925357,254.14086478641167,209.86634463221625,68.88573134608592,healthy
4.1472234058115784,12.854926309042746,245.92696361417254,201.9845749335535,140.68472898512107,anomaly
8.033524796661327,43.787312604150024,241.42376905232504,220.74246754662937,154.67747640561728,anomaly
3.581919626643582,34.84618909674044,254.0442093220339,221.61197627046,29.447163528034164,normal
6.526950787798456,31.883646802073134,248.92697512358524,220.98942550645728,57.15077343888717,healthy
7.1046509203483055,45.84085213599078,254.60073928747232,229.3843320284214,80.66125470695013,healthy
6.480587658918292,38.28734931625722,251.7198278362096,208.4978910878189,8.612883985353452,healthy
8.494066467233775,26.214697468105687,240.9600951991293,234.04602941703928,121.03217407822589,normal
5.67202960470736,25.36325303696248,241.43098915969816,219.28528395679368,26.81064628872104,healthy
7.5244031455315366,42.577361616774624,251.31397460020534,201.30636243137982,152.58121725275032,normal
3.8583585118084494,14.296335259770906,245.53921155323312,206.52076455259544,128.8155699265816,anomaly
8.35419146640415,39.580953330437765,249.6724890603347,209.4991422700903,58.07725446461946,normal
6.973708622864778,6.442490945652345,247.1071474259692,238.72305525802935,10.816759915581304,normal
7.874576864762916,31.834462545484257,245.82248559190492,235.82251392527354,54.599111961235295,healthy
3.694926340967268,37.36462427457377,240.77503082486942,203.81443685092015,116.49862997378662,normal
5.537582033258566,30.511252023888392,246.5549382849843,201.29773784188748,47.690592187200664,healthy
5.12727019516517,43.917601921218555,254.6778820258371,223.33009569250225,119.77739337309318,normal
4.0779791493756345,23.0203431482992,242.30536564266308,206.4583133625696,129.86032231117656,normal
5.195235362311169,17.351301070257122,240.12545522815284,235.00534474484607,153.92935983061625,normal
4.210215788530121,6.436857718972512,254.12537979987047,234.65692734158802,112.64503241466511,consult_doctor
6.601322098804781,35.42255287809152,243.89364673912573,222.64073699551284,1.4539255921946115,healthy
5.711061863819411,36.36091566696135,245.83845707537682,211.22403252951665,118.33298835547882,healthy
5.494786518825701,34.93143615455221,240.87137928120524,215.1900609167727,153.82665914272792,healthy
6.359976950782606,36.353985983901914,248.0333072231951,225.29585025862033,150.61350284590426,healthy
6.257865549577275,47.78556231994496,252.41259479809833,200.94831014578074,63.208534057087356,healthy
7.08968567189656,31.23659629401755,242.54821509076103,217.5942255885534,13.91472324094929,healthy
7.311627903183213,30.654036695586807,252.06741963647733,216.2169130055662,22.850288715658778,healthy
6.958896223619565,5.755340873451182,253.23839815158522,202.34261221138135,142.5824146869615,normal
8.616179919645212,37.51266712416685,242.34309853029933,220.7844670321203,38.66542733106962,normal
6.372811209079484,62.177236916600826,243.62839941169335,217.35375691420978,15.578703006595376,normal
8.753532287934089,51.18330833123144,251.8393927247953,228.02445985577808,44.090684209468556,consult_doctor
6.668532288655509,21.859893003989676,248.98953174209157,205.40869254851418,50.70466203529996,healthy
4.786190120534001,20.188864753088644,246.5020834913345,203.22461620678408,125.36024041406542,normal
6.583200657450569,34.00689976517225,242.81880571222985,221.6445529951538,85.3317676575368,healthy
6.541134989347461,22.91864133454309,250.0164088740473,206.34947053497237,137.3316702206173,healthy
8.639779939959094,58.099466643263185,242.39238393812036,217.76414227626475,3.361465117817719,consult_doctor
6.200309540689305,49.654631191794124,251.4345393675144,223.97438900168663,155.9846836496376,healthy
5.386543260643339,54.59946794057089,245.5436129914016,233.14611624473156,141.98792565925766,anomaly
6.762633963665739,49.52611934098197,250.63981242708914,212.28865668085083,78.24774407188531,healthy
7.510965323483086,39.83851164794642,243.44048665556508,234.46659538796405,133.49196731990378,healthy
5.003574825383444,52.162951215828926,241.15469200597448,201.60555436341465,44.28066111220937,anomaly
4.10478793305905,16.44138537802815,251.57440366467912,223.10527017377692,149.56728279884533,anomaly
7.848220562598026,15.192307092732241,244.0426779343841,217.67334819207818,59.35579401474705,normal
6.20095787785886,47.60210786227987,252.9396070672377,234.82753821829758,123.15945965713395,healthy
4.694130768510315,60.92255364954597,251.0682747725191,216.44761903477965,99.74073055358514,consult_doctor
6.34034531491154,43.05101596033131,247.0842270624447,220.3941603820183,81.77818215832008,healthy
7.988994705046372,22.876445150662136,248.35317664758145,213.25408874945268,58.92001718322129,healthy
6.31835775985572,28.675769274731177,240.74968542989518,215.98075138347738,10.909859162474032,healthy
9.265306808149525,23.83778568068123,249.8151300823908,200.96020179379556,50.50131445874436,normal
4.383017945032874,54.370176877043406,249.73983486865322,200.515898791581,48.15461114105947,consult_doctor
3.139914651387776,24.497633822779687,250.9860157358757,210.09247708278747,9.353277957900321,normal
7.68890623912781,5.796579031848882,250.6893199964777,216.00849103398687,118.06844303980805,anomaly
6.8881863426774474,9.305727528166042,246.59610729761863,207.23140602249518,46.82481562678525,normal
4.565916967656552,21.769126383885578,244.8454101863114,207.4110740133416,22.312037792825627,normal
5.272599478591275,68.69564006481477,252.65474496077735,213.0717882343111,29.939883265680276,anomaly
7.871171088331932,8.136727508026041,242.92462799850435,225.75826317790455,48.515165415080084,anomaly
4.584136231801256,48.257377812382444,242.4862226544783,223.32520876398334,63.99728292697097,anomaly
5.784599865109816,25.421629434679986,248.70133252004183,214.19590733946217,101.70325151241812,healthy
5.903598204686983,47.81079077347127,254.1168121880051,201.02758579477631,118.16736854351416,normal
7.317422317133335,49.92291212773587,244.11107384013286,202.02489889076296,29.827168776635933,healthy
8.059763449762535,38.41379171911858,252.0662108951621,207.23567605515592,55.651575589287354,normal
8.794684552435058,15.382060429940378,243.0937817075423,218.06957903925775,87.95476082612977,anomaly
6.734077840507134,7.81632646838807,254.596172444585,220.5638177020504,154.53317115493323,normal
6.915729142219343,19.424822163623865,251.35965310701658,217.2493547916623,12.457043137403137,healthy
7.026488530703684,16.089702987141386,245.84107408468313,222.63402241252987,6.297900771156719,healthy
6.0613196198505275,49.2152454260267,242.78470057351865,239.82275601962752,130.66483891225977,healthy
6.012988152131516,20.34675251523807,241.65647795116655,216.10814883978242,62.07564070366182,healthy
8.629025224218028,40.621630150328855,247.21335219904515,215.239650946736,127.43048984375636,anomaly
7.558480955081017,19.963908920101254,245.56411512236647,239.61329215174592,7.93694533591724,normal
5.111301007669454,41.13143058013961,241.17683724475685,224.91013612959364,153.8481171420106,normal
5.54210220131585,27.220685116834375,252.1044823632599,213.7583074623074,37.56070747599541,healthy
8.415646906109888,20.193504920267703,252.03960468529394,220.5483142086122,8.186481031276145,normal
7.797766809202953,25.972040281412514,250.38538383691588,230.54769077401284,87.0059312626795,healthy
3.9772134067021714,27.989742499906235,244.2863748688906,216.45215888264926,106.70839159338891,normal
4.138804338435167,44.01479866858911,253.13824625275586,232.97886070418195,12.892929965842175,anomaly
5.519311924352956,23.201579260090874,244.31192497345876,222.24762770520047,13.594606382314627,healthy
4.307381841904576,13.987006286185906,245.30683738104653,223.1397003291732,58.144629119908316,anomaly
7.566043435863508,37.742674306724375,241.94518467336354,223.5196651785533,16.690093976301146,healthy
8.59828604385151,46.51439452497857,254.41380220393236,216.73558133513333,52.70068308833211,anomaly
6.319654822234223,36.715753887154165,245.59683927633574,232.16662259935538,65.78309383679793,healthy
6.585826036418697,47.22668563795132,241.5808982716171,203.79861100913507,20.856500806922487,healthy
5.393880559375786,19.940696863850327,244.89958874138867,214.32558866116577,39.62106289143019,normal
5.556587066942436,7.294284110807592,246.3727626430213,223.9425197287104,159.26744206807297,anomaly
5.840914645378494,36.42460645811473,244.90113813045062,229.20996758118284,148.7045574158646,healthy
6.683752965861727,48.985617612970515,253.51441343535703,237.83883559382397,114.88226850032024,healthy
5.51859066389126,43.703769393498746,243.88067463233162,211.83728117746463,50.48530890610168,normal
6.935129828730676,77.0662280048999,249.33945800397987,211.4250395424897,29.082175641791075,normal
7.40629779083045,47.47109031685757,249.10097587076154,227.05444271490896,97.65808125090513,healthy
7.829729279999356,18.720460023917713,242.34715074005402,233.05363243800747,25.831629765267365,normal
5.497364434623195,36.45062470786604,242.50429633120797,214.04877549395124,137.82688737528278,healthy
7.007480918470685,21.274786290770344,250.67584208619073,208.58783549853422,17.08811264037818,healthy
7.6360405288103514,37.708617744883725,247.5016912811494,210.035163995628,127.6487490145716,healthy
7.234830412950744,25.127529247370664,243.9837424943791,211.09858718899815,31.31402241594385,healthy
5.105111265186225,24.416898358934205,244.69361091320474,223.76967309234388,77.6028780038466,healthy
4.418734525043467,53.60980144935049,246.74024613059464,234.39178699246582,122.53738302155872,consult_doctor
7.5035381680977125,29.587276424240457,248.74389085206394,233.97785624902943,92.28926714212093,healthy
4.915728355561715,41.38392884680148,252.7059124047585,217.7119254617495,69.64196474504861,anomaly
10.11003970487479,35.077257651925365,242.90794601905338,205.02199159593908,102.84438615678846,normal
7.480723271796046,38.194263720055496,253.92273147170928,239.70058480647884,4.856608885280682,healthy
6.957123334579606,26.24930228101571,252.09997579540226,227.37256995701378,143.2889185398216,healthy
9.932950209866341,17.007377276782485,254.9423651024817,233.68661506601524,59.52697084995318,anomaly
9.0199554940715,39.323578347840765,253.21459508459486,222.69563776624292,90.92297860300293,normal
3.6961245936432396,25.45230325748587,242.75163294605153,229.37462705968875,77.63687292245699,normal
4.054727577801822,28.789251298371266,249.66223832213873,218.65197651759274,21.069904549793126,normal
5.760964701748239,43.26068094541574,243.63033119971317,220.0111414083104,138.411375900063,normal
5.061218892350949,24.313083885187694,254.2714471554275,204.74836382036446,78.87311546493761,healthy
5.312772133456482,31.05078244669772,241.00460418037906,221.61115572749685,45.092000527275516,healthy
7.4941083717752335,36.996449736502896,240.9378944361427,227.9133114202068,8.99588717615556,healthy
5.70855075127138,38.80040702212912,249.24450728888587,228.0842981645517,6.14414037221513,healthy
9.197087699374585,27.923160240243394,250.1102987858819,227.18788867333382,29.0908244539742,normal
6.631631264951819,17.5967946894021,251.22576524514346,217.05593427206492,92.41809290194139,healthy
7.135982246038464,22.89240979393626,243.43313193725248,213.99751414282855,33.75518249919207,healthy
7.02255290081299,19.47012468289867,253.76228764697984,210.8653272509748,137.83130976341187,healthy
4.269650189469036,60.200808712899345,243.97989206333202,230.29131913102003,54.69584670676131,consult_doctor
4.628415189387606,33.19794942356533,249.4858698649258,232.819503379211,14.61211749336913,normal
8.280808561248119,15.425789422340227,241.53773946099713,200.6636992253039,150.55877161190995,anomaly
6.197517264254557,62.564140762467204,243.26501099370805,238.83760998418475,81.4334464675276,normal
5.293390023623026,44.541858007901055,252.3812349618592,211.86449928628372,14.791922725930657,normal
5.894772089889987,34.18491243335703,254.36901181585156,211.9976827910809,158.74170231657325,healthy
5.898769937914996,40.47334970420385,252.12352815013833,223.2279633821714,24.60539288211459,normal
5.309549413318349,31.848072101767286,247.2598405226962,228.88264256815143,44.591090548564125,healthy
5.860612972954593,28.80537913131427,244.6169374752112,230.13888442638387,53.1476035298772,healthy
6.151374608390518,59.37521181330891,248.03902618278178,214.31244997342372,110.94040616301639,normal
6.669952939479731,43.246646657207386,246.65879181759567,220.57845310959576,98.65951650644402,healthy
8.748211666693866,44.25461387960364,245.81739134875397,234.8765224512202,157.3938533134643,anomaly
7.11560819077081,15.024218412175628,242.82810908623875,213.27886018943383,7.224218305966712,healthy
5.974024995470981,46.289731742625484,248.03484899021367,219.09664757921416,124.80769392640696,normal
6.984061841841877,34.865389225824046,249.1162902464348,222.25858549395286,67.09354886708613,healthy
6.2576701849636915,43.74491512053722,254.3519972322643,219.49061416400204,108.43571859221127,healthy
5.598255658851526,2.952904856160824,253.617577708253,216.56564272862664,46.00179190140145,anomaly
6.771372558042507,42.12086697421718,252.32082544351042,223.26946589684746,36.3970565909664,healthy
5.9213492067867035,9.651272930648926,243.71339655419828,221.01881229423572,147.94268658058186,anomaly
4.648569355926108,8.672839998872345,253.81491781644863,209.25900855061192,72.05606172492685,consult_doctor
4.152148639271289,17.727016748665392,243.079994080602,237.37732155013765,31.60894490855652,anomaly
7.835683339328374,6.354117645236258,251.63019225604702,225.78980994307275,103.23497213514622,anomaly
6.229754162893099,35.98834683907919,241.8438101769808,219.32723453254675,149.52702091448248,healthy
7.1810081463260165,19.61368530189216,247.77012099606938,239.30085089024155,24.723332798483035,healthy
5.9290167336617365,26.878247140911903,248.36005754359513,201.9477939359972,154.71496233893046,healthy
6.786681040522425,31.87836753971861,252.16685654900206,216.09625037197247,62.68974313874747,healthy
4.870863648649295,26.33765047064027,240.2204008298243,230.91085678660318,150.72931511817526,normal
6.813547027518508,31.80046990077392,249.60714063263765,214.85869050497507,50.015683985328025,healthy
10.040398638810434,44.47277449646187,252.96649870302545,207.16126549766335,109.00513768518941,anomaly
5.154450052424295,21.637623224882496,246.68312458112837,226.28121992936428,38.58643428924191,healthy
7.572459635424176,48.93876155140773,254.70553111413278,231.7527241563216,155.17101834140556,normal
7.198611608583281,20.660259573983218,248.22628744490345,223.22580903638536,45.20804280298222,healthy
9.53470439982651,20.915766903947038,252.10040279542108,224.14115226004483,74.4058134753456,normal
6.671487801602549,13.449500907391897,254.89882523134446,237.30219513677247,60.37810828746412,healthy
8.01894577609574,52.927026396187976,250.90585142423086,212.25731290813485,154.76339045924763,consult_doctor
4.138732457923268,54.23063534204162,241.25331506266033,235.9174117377495,26.88320835082857,consult_doctor
6.987878757259758,19.834269453718406,240.63633447310337,216.72579152651198,129.8890749361418,healthy
6.9684697386195875,36.54839706236502,245.5666940764519,213.7092370171163,92.10644047958715,healthy
4.936572619922864,45.360937887171936,246.34092955340898,213.21138670008338,78.36573887811852,anomaly
7.470275826054505,38.96100104774787,241.86552598500765,237.1657886884675,22.280651325552636,healthy
4.590497538990958,47.23148550558155,252.59007738534004,222.85041879748388,54.27850578781381,anomaly
2.797118252896623,20.853256435209268,251.7563976372616,209.1997501585296,137.26958623957262,normal
6.168557700223282,44.78594993519795,247.58451230132937,207.4655975919073,127.67968563507583,healthy
6.3994770476314615,29.037924801105113,245.51678981634228,206.93984201420088,7.551472271580639,healthy
5.571540521126385,46.8616907997902,242.51236633641162,232.4064435983881,84.59317118144841,normal
3.7458920783179424,48.31550543288029,243.76339568536653,226.95355593080018,147.28574161640876,anomaly
7.726483597714876,29.501550140333087,243.65095024827795,238.391640816194,71.28285031890579,healthy
6.544781754552205,37.81683642569008,245.02918575117442,206.97637068446,21.325481293147703,healthy
7.468788733591297,24.563385878953017,243.70235803802854,214.98192973518326,77.78778465678128,healthy
8.4204668265306,54.18330942383136,251.9436217581205,202.38348389412576,96.51926762944477,consult_doctor
3.6626232512304506,56.03945704747874,240.7533901719596,202.27914907989472,140.76038436709499,consult_doctor
9.048661766717135,19.67774482233414,251.55237317635644,237.8864585160099,66.42330463883931,anomaly
7.357699869993116,55.25891537186803,243.62897520473294,205.04008111455977,107.47341747904971,normal
6.366052461471427,21.536286020139173,242.69047023018317,234.6440618151134,121.95392933026832,healthy
5.037552571967273,57.39014570320404,254.77287604143714,226.38023926605308,36.31656631544337,anomaly
6.140756631014691,26.63050275004463,251.77784314722612,218.83841009738933,19.062507519367706,healthy
6.105910150413025,5.970512821542474,249.85094227082413,237.6352067823682,98.41116064235167,normal
5.090762178193643,19.897640636341972,242.01412276353415,219.712783381313,86.14319668591322,normal
6.561531530744666,31.725391187211258,249.8119910554181,208.6533111052331,0.9894116225434679,healthy
5.234616999541062,37.41045279424108,249.44336545337606,205.64894173492598,31.78105821789906,healthy
6.225365655890872,4.748427116685747,248.4509302606896,209.47695975586893,157.33452294627625,normal
5.76792123752051,25.462954702678076,254.1117678075466,237.3721645666996,141.38943483007836,healthy
5.332723295512078,32.843724248981154,249.72477011178142,205.7387782807208,74.83529855538414,healthy
6.164581564418399,23.467704441452348,248.41017442408426,202.4578516052315,75.1050947182813,healthy
6.506298157191913,15.96841946933107,250.85165493532367,206.05729257479854,47.6575037424338,healthy
5.210635607109019,28.51665520213286,254.26392891753824,216.3099242001093,6.896017431731849,healthy
7.823513838755334,37.337806952214954,249.47128381827565,238.77287249136714,76.01733838909367,healthy
7.626792920582164,42.50293442413387,242.85161474675593,222.71897189264322,101.58506546450604,normal
6.27765089959809,21.96054832328928,252.54176554810874,224.0722693578179,75.46021843124187,healthy
6.302895327957593,11.635526455659512,240.77753698679592,202.2672172866334,68.85544517955208,healthy
5.060690751606484,3.588558612662734,249.373111494105,206.15599618775096,54.40070176958274,anomaly
8.946529790274283,29.6021811112641,252.9698838278721,216.01251344691977,100.1687534369282,normal
4.021659440444542,16.632116618770688,243.96092977040578,220.93605483688032,111.19522129943613,anomaly
8.571257801995092,41.902330808283196,246.1678727699188,203.07032247554952,110.04307301851756,anomaly
6.446110865929137,48.54139762815656,240.1815467516416,232.94208906447275,131.13997912762318,healthy
7.091176789552351,23.558916883121206,249.53932060745592,235.38347552918455,128.38428551221187,healthy
7.4306269056136784,64.36413858886112,244.39962916170848,238.5344128178415,103.7995382232029,normal
5.632184550816299,35.510482602242675,246.5103145906314,206.9858874358532,53.18827074789843,healthy
5.082542911896531,57.57275515192684,247.2764198996931,213.52337637465047,53.23671624166066,anomaly
5.3509374655693405,38.049791287909294,253.99387293854508,209.35251332372258,135.20634382346282,healthy
5.193484464185861,39.52082202842655,247.98756099623972,215.11356854908746,61.76814970429373,healthy
7.114835444583649,28.185777770883277,240.84878484220073,226.92368523644868,148.82643245800801,healthy
8.36402116027837,31.152778244381523,250.41961438340593,207.37836204239534,27.274001853062728,normal
5.406299836158599,55.4257656064613,251.59214359935507,220.65133196790697,92.77273216763601,anomaly
6.856076285221808,14.401411093117037,240.78532530281208,206.8283345324992,135.85568319338816,healthy
5.637886940467673,25.7800866432268,241.37087229497664,203.59507406944644,112.13851155902078,healthy
5.384644516506396,18.69873194480725,248.75659170771166,206.40902403906026,91.03287732509612,normal
6.042603548243223,43.869505243691535,240.99014766210362,222.53633457935416,127.78492485706184,healthy
7.31253467094903,37.0153975764815,248.89260270762165,229.69085569009147,157.978955569952,healthy
4.799535785306181,20.599241631150523,244.17552722493986,210.7519046012079,87.26847203387409,normal
9.363101197968158,18.79182481278265,249.1993752733107,223.07524805244833,154.60388763970974,anomaly
5.920492168243732,24.770217983882112,247.40721060685394,231.7037925283654,103.31600693616858,healthy
4.843262440127316,30.608875368058236,245.17788312741317,227.64223250957048,81.42305121118083,normal
7.483817368154783,22.75220306550939,247.54625926169754,214.45615116268746,125.10254607950236,healthy
3.8946629201643153,10.199662331689414,248.75570381597046,219.25111804876948,159.80686973050473,anomaly
6.322782441917241,31.32610329437771,249.05455800839061,232.7352169911814,70.03469198936662,healthy
7.279077189997659,13.451874514174754,240.37790120938843,236.1697316563026,71.47623499242249,healthy
5.454613572441339,38.482644684473165,243.75701848188748,230.40643719160636,136.72758291234885,healthy
6.586138722715625,29.59043190735102,243.36440224927568,238.6298883927899,26.596697928265396,healthy
7.702967485799334,29.441666452352376,250.5381075230221,208.30163744822815,129.91139754206134,healthy
5.404413170794038,32.55624333563232,246.14118107725528,225.4165742744764,109.41921998544512,healthy
6.470070529649984,53.979707557570755,249.74263394561171,239.12882674106234,31.854947189748106,normal
8.051820883245917,41.0526584563865,250.7107908506719,202.77576343616732,96.12674389433906,anomaly
6.598074906036454,7.726530473251447,249.81976030298932,217.13831615395182,38.528610571707716,normal
5.1592942362626975,20.82346363642072,251.72939965736938,232.38700145063558,8.79460909437153,healthy
6.077895337799651,26.946294598464572,254.92228940948925,239.22272908242894,52.824952050496705,healthy
3.3800796330133034,19.662182728656482,250.60629715900046,232.8952484474142,45.95539347282413,anomaly
6.281505762449139,10.322456514747607,248.7243343948379,210.21345495052975,53.566246702508664,healthy
7.385482924968028,27.2565533834274,251.810805401285,229.1575680042063,99.76084979957395,healthy
9.064256258823828,53.42266795090279,242.5098195600159,221.85834166912497,56.26397957470486,consult_doctor
6.265349591529381,25.25387325457797,243.43015169405413,214.5023918623638,46.23496398736936,healthy
7.483090239991735,50.764092277657774,240.02030438573203,239.60435384347463,82.05995876884285,normal
6.175804435521351,28.071937328416038,240.58468980991697,203.92030739122964,91.3918694340662,healthy
5.879233926219104,47.83370057211964,243.15760409498014,206.87317841430632,17.073891056376684,normal
2.2046700355876423,27.19283602493177,245.31637423189582,224.76690941463346,32.76838544899352,normal
6.373425983913136,26.833046417584583,244.86767700263013,203.2042290643841,97.8146649996362,healthy
5.115473882073545,33.37027088627829,251.26409697544977,203.2491853922669,90.30665404475963,healthy
7.428700237976249,15.42514898188071,254.51642197904343,222.88491854888827,69.60233509443574,healthy
5.274036146317259,27.447230662126074,244.0280063410141,232.9309285072012,29.72431275179325,healthy
4.872022080273703,33.49824196895253,250.4842324273108,220.22786975125496,38.12634728849466,normal
7.548632791255182,14.778649039606996,254.71715597687734,202.68936720362245,152.5444607011352,normal
3.192813197233219,31.004860758373077,242.989055047002,224.03648022636344,45.63292842886625,normal
8.941836795276682,50.93525716184934,240.584070250315,229.1462513694641,65.77814671917578,consult_doctor
7.556687055147538,0.0,249.56532370343902,222.55678267022495,155.2119130666731,anomaly
5.889511902762798,23.030740540524103,245.86549303691098,200.83736471306932,80.74196607638959,healthy
3.977729162971203,15.47483317704547,248.16723499200396,230.0470854781617,55.81310519338082,anomaly
6.820296776508945,7.429194389534967,249.30710677577957,211.2133901020565,41.40678533832384,normal
5.972646795335517,32.69372672909397,246.17937142551153,204.81789359986263,138.29860263295572,healthy
5.876445940665432,39.72420650765788,244.98684235723067,233.0425873819314,115.0792320921331,healthy
4.556422343174156,29.637065904136257,243.33541957122256,207.59744545830245,95.64928214424225,normal
6.655685238669758,12.874663287997425,241.133754207811,235.5965350545145,89.30738942247052,healthy
6.746895147105346,38.15400231891648,240.70277862791406,233.0284380624267,135.37987368483704,healthy
8.717451570251924,18.2265253037664,250.2816582483285,226.89535373166814,152.49921830306204,anomaly
6.684662285344619,29.679490584773458,248.84180984227046,235.61537283421063,122.65535115392825,healthy
5.001466640343657,50.88697950096493,251.22275868073268,239.5802133353729,55.68831287637128,anomaly
5.116925601470016,37.51641254909768,240.99847091871334,211.853032075992,21.509348379128,healthy
9.43323429551895,0.09396536142816814,251.88892674432574,211.85430454053153,19.815364272930793,consult_doctor
5.911335549270197,21.394499940921314,253.9384208044778,234.48811894632755,137.45788122350663,healthy
7.470264454000958,38.36715459527793,244.2371811596554,224.47324080412886,129.32291379460452,healthy
4.453183161116727,40.097720269049375,240.1823515721608,216.3382232563393,135.60762128875783,anomaly
4.7879774946590175,0.0,240.26328545049944,211.26464168422527,131.24053103118234,consult_doctor
6.548589543360205,64.7899430997254,244.82504984489321,208.36237494827384,87.12885194474808,normal
7.925943747382192,50.61657139756226,240.4503900799409,200.25857431158843,78.72027670913324,anomaly
7.534598191485209,9.989617576226934,241.13407560925125,223.11564450776353,99.41289986491316,anomaly
6.475590679714312,34.48938870609738,248.16745438655798,208.9070431649234,71.17638925240654,healthy
5.786241814797041,6.237960854917652,247.60589470108079,238.3178343970455,86.11521629895604,anomaly
8.166515232847765,62.47503517351626,245.18012928367332,215.71580435572716,32.65030216745609,consult_doctor
8.46991620833504,68.37298928502378,247.78051491570892,223.11228201004337,147.61660113503325,consult_doctor
5.489585236943306,47.859694121795116,250.40427086210693,221.25176073403728,8.918536573990679,normal
8.968672836995394,38.272280640607015,240.0797021350252,201.61142075111994,153.4194997104656,normal
7.070646071755057,46.28843348747367,243.31279174444512,214.18664819940332,23.363363087514006,healthy
5.429711588139412,28.22897209513382,249.15820132523137,202.28107656014478,28.90520660980851,healthy
3.9240048534008007,34.8203582317541,241.67268318481914,232.05783104891816,108.66601093113005,normal
5.434862843299353,20.882670193583515,250.10468126212362,223.4235073549045,35.003473345740744,healthy
5.052554133192319,26.77618454566897,240.21572169108128,207.0832902158916,51.31737316985139,healthy
5.89811929993728,35.19732713846989,247.506017185653,217.1994085648424,40.37035778162448,healthy
8.426715411692562,9.421482856029655,244.87942701034547,237.87024978768963,152.32999146224043,consult_doctor
6.743126664489527,33.581837385397705,249.9957812036731,219.44521940859696,152.38188038379593,healthy
5.419526041979227,49.34629131124119,253.5913059072189,214.4429890536415,124.28774995338091,normal
6.231629840729628,52.96126248515546,248.86695454887774,222.2816205310014,58.00031752504211,normal
5.777096133039482,25.575754825619583,249.46382685343744,221.2581965675722,120.73109779291785,healthy
7.1712500500651375,55.04856756527109,249.31938673574416,225.66017925025005,31.437914712993784,normal
4.885918817807892,47.805454583405705,244.73441015645025,217.96155071720503,111.52386656068792,anomaly
9.91862796942524,27.292801296140617,244.5156911675147,221.954912061704,52.18724066052056,normal
8.44847315338233,37.84253232053249,252.05224114945327,231.08197142607025,22.10004690243956,normal
5.465915469221441,35.25945148910339,253.05790449404077,223.38172453037834,73.1020914779627,healthy
8.557054849698954,37.15561240834682,244.70021876377714,207.00492560521414,137.39169939913182,normal
9.079278851815795,39.191608575938545,251.51351442776877,201.2185474523584,61.34354256932143,normal
8.411909933599173,46.369651808914035,240.13557703618937,232.82784643067117,142.11061594580866,anomaly
6.554384531276949,27.985368877941784,243.62244727885303,215.28557899330278,51.359527302543654,healthy
6.3611421706296625,34.2386992573245,252.2569221302338,209.0431628404225,134.25595180793783,healthy
5.735928225209846,61.325620571710914,243.13324086007745,230.77795576328188,8.581566643332934,anomaly
